CREATE TABLE Answer (ID integer primary key, QuestionId integer, UserId integer, IsCorrect bit);
CREATE TABLE Enrollment (ID integer primary key, UserId integer, TrainingId integer, AvailableFrom DateTime, AvailableTo DateTime);
CREATE TABLE Question (ID integer primary key, TrainingId integer);
CREATE TABLE Training (ID integer primary key, Name varchar(40), OwnerId integer);
CREATE TABLE User_account (ID integer primary key, UserName varchar(20));

insert into User_account (ID, UserName) values (1, 'igrinikhin0');
insert into User_account (ID, UserName) values (2, 'Jan Kowalski');
insert into User_account (ID, UserName) values (3, 'mvasquez2');
insert into User_account (ID, UserName) values (4, 'ptraher3');
insert into User_account (ID, UserName) values (5, 'cwimpress4');
insert into User_account (ID, UserName) values (6, 'efoulstone5');
insert into User_account (ID, UserName) values (7, 'bmoloney6');
insert into User_account (ID, UserName) values (8, 'jnorster7');
insert into User_account (ID, UserName) values (9, 'rakhurst8');
insert into User_account (ID, UserName) values (10, 'mcofax9');
insert into User_account (ID, UserName) values (11, 'akilgallena');
insert into User_account (ID, UserName) values (12, 'bbellisonb');
insert into User_account (ID, UserName) values (13, 'kweblingc');
insert into User_account (ID, UserName) values (14, 'oudied');
insert into User_account (ID, UserName) values (15, 'emilesope');
insert into User_account (ID, UserName) values (16, 'bsmealf');
insert into User_account (ID, UserName) values (17, 'adeverauxg');
insert into User_account (ID, UserName) values (18, 'khelliarh');
insert into User_account (ID, UserName) values (19, 'efilderyi');
insert into User_account (ID, UserName) values (20, 'bossultonj');
insert into User_account (ID, UserName) values (21, 'tfilyakovk');
insert into User_account (ID, UserName) values (22, 'lmilmoel');
insert into User_account (ID, UserName) values (23, 'lkarslakem');
insert into User_account (ID, UserName) values (24, 'smatteuzzin');
insert into User_account (ID, UserName) values (25, 'iyouenso');
insert into User_account (ID, UserName) values (26, 'crudeforthp');
insert into User_account (ID, UserName) values (27, 'mmunehayq');
insert into User_account (ID, UserName) values (28, 'lteacyr');
insert into User_account (ID, UserName) values (29, 'obendigs');
insert into User_account (ID, UserName) values (30, 'ghurtont');
insert into User_account (ID, UserName) values (31, 'chansburyu');
insert into User_account (ID, UserName) values (32, 'rtrubshawv');
insert into User_account (ID, UserName) values (33, 'dtregunnaw');
insert into User_account (ID, UserName) values (34, 'cshitliffex');
insert into User_account (ID, UserName) values (35, 'agodselly');
insert into User_account (ID, UserName) values (36, 'kburnellz');
insert into User_account (ID, UserName) values (37, 'dpimme10');
insert into User_account (ID, UserName) values (38, 'abroinlich11');
insert into User_account (ID, UserName) values (39, 'hyeatman12');
insert into User_account (ID, UserName) values (40, 'msharrock13');
insert into User_account (ID, UserName) values (41, 'tlourens14');
insert into User_account (ID, UserName) values (42, 'lropkins15');
insert into User_account (ID, UserName) values (43, 'kscouler16');
insert into User_account (ID, UserName) values (44, 'adametti17');
insert into User_account (ID, UserName) values (45, 'twatting18');
insert into User_account (ID, UserName) values (46, 'vfaint19');
insert into User_account (ID, UserName) values (47, 'dgryglewski1a');
insert into User_account (ID, UserName) values (48, 'ejacobovitch1b');
insert into User_account (ID, UserName) values (49, 'askillen1c');
insert into User_account (ID, UserName) values (50, 'lrosenfelder1d');

insert into Training (ID, Name, OwnerId) values (1, 'Computer Systems Analyst III', 2);
insert into Training (ID, Name, OwnerId) values (2, 'Systems Administrator III', 2);
insert into Training (ID, Name, OwnerId) values (3, 'Research Assistant I', 3);
insert into Training (ID, Name, OwnerId) values (4, 'Engineer I', 1);
insert into Training (ID, Name, OwnerId) values (5, 'BHP', 2);
insert into Training (ID, Name, OwnerId) values (6, 'Mechanical Systems Engineer', 3);
insert into Training (ID, Name, OwnerId) values (7, 'Account Coordinator', 3);
insert into Training (ID, Name, OwnerId) values (8, 'Podstawy Excela', 1);
insert into Training (ID, Name, OwnerId) values (9, 'Senior Financial Analyst', 2);
insert into Training (ID, Name, OwnerId) values (10, 'Kurs zarządzania', 1);

insert into Question (ID, TrainingId) values (1, 3);
insert into Question (ID, TrainingId) values (2, 5);
insert into Question (ID, TrainingId) values (3, 1);
insert into Question (ID, TrainingId) values (4, 10);
insert into Question (ID, TrainingId) values (5, 8);
insert into Question (ID, TrainingId) values (6, 1);
insert into Question (ID, TrainingId) values (7, 9);
insert into Question (ID, TrainingId) values (8, 6);
insert into Question (ID, TrainingId) values (9, 10);
insert into Question (ID, TrainingId) values (10, 4);
insert into Question (ID, TrainingId) values (11, 2);
insert into Question (ID, TrainingId) values (12, 7);
insert into Question (ID, TrainingId) values (13, 1);
insert into Question (ID, TrainingId) values (14, 2);
insert into Question (ID, TrainingId) values (15, 6);
insert into Question (ID, TrainingId) values (16, 6);
insert into Question (ID, TrainingId) values (17, 2);
insert into Question (ID, TrainingId) values (18, 9);
insert into Question (ID, TrainingId) values (19, 10);
insert into Question (ID, TrainingId) values (20, 9);
insert into Question (ID, TrainingId) values (21, 8);
insert into Question (ID, TrainingId) values (22, 9);
insert into Question (ID, TrainingId) values (23, 7);
insert into Question (ID, TrainingId) values (24, 8);
insert into Question (ID, TrainingId) values (25, 5);
insert into Question (ID, TrainingId) values (26, 8);
insert into Question (ID, TrainingId) values (27, 3);
insert into Question (ID, TrainingId) values (28, 10);
insert into Question (ID, TrainingId) values (29, 8);
insert into Question (ID, TrainingId) values (30, 1);
insert into Question (ID, TrainingId) values (31, 1);
insert into Question (ID, TrainingId) values (32, 10);
insert into Question (ID, TrainingId) values (33, 2);
insert into Question (ID, TrainingId) values (34, 10);
insert into Question (ID, TrainingId) values (35, 2);
insert into Question (ID, TrainingId) values (36, 5);
insert into Question (ID, TrainingId) values (37, 3);
insert into Question (ID, TrainingId) values (38, 6);
insert into Question (ID, TrainingId) values (39, 4);
insert into Question (ID, TrainingId) values (40, 2);
insert into Question (ID, TrainingId) values (41, 4);
insert into Question (ID, TrainingId) values (42, 10);
insert into Question (ID, TrainingId) values (43, 7);
insert into Question (ID, TrainingId) values (44, 8);
insert into Question (ID, TrainingId) values (45, 4);
insert into Question (ID, TrainingId) values (46, 8);
insert into Question (ID, TrainingId) values (47, 3);
insert into Question (ID, TrainingId) values (48, 4);
insert into Question (ID, TrainingId) values (49, 4);
insert into Question (ID, TrainingId) values (50, 9);

insert into Enrollment (ID, UserId, TrainingId, AvailableFrom, AvailableTo) values (1, 42, 9, '10/18/2022', '1/4/2023');
insert into Enrollment (ID, UserId, TrainingId, AvailableFrom, AvailableTo) values (2, 14, 7, '6/9/2022', '12/8/2022');
insert into Enrollment (ID, UserId, TrainingId, AvailableFrom, AvailableTo) values (3, 40, 4, '8/31/2022', '1/14/2023');
insert into Enrollment (ID, UserId, TrainingId, AvailableFrom, AvailableTo) values (4, 22, 6, '8/16/2022', '2/24/2023');
insert into Enrollment (ID, UserId, TrainingId, AvailableFrom, AvailableTo) values (5, 1, 8, '6/17/2022', '1/31/2023');
insert into Enrollment (ID, UserId, TrainingId, AvailableFrom, AvailableTo) values (6, 40, 5, '8/31/2022', '1/27/2023');
insert into Enrollment (ID, UserId, TrainingId, AvailableFrom, AvailableTo) values (7, 4, 3, '11/28/2022', '1/31/2023');
insert into Enrollment (ID, UserId, TrainingId, AvailableFrom, AvailableTo) values (8, 24, 1, '9/17/2022', '1/5/2023');
insert into Enrollment (ID, UserId, TrainingId, AvailableFrom, AvailableTo) values (9, 2, 9, '8/15/2022', '2/24/2023');
insert into Enrollment (ID, UserId, TrainingId, AvailableFrom, AvailableTo) values (10, 26, 1, '11/2/2022', '2/16/2023');
insert into Enrollment (ID, UserId, TrainingId, AvailableFrom, AvailableTo) values (11, 37, 10, '6/10/2022', '2/1/2023');
insert into Enrollment (ID, UserId, TrainingId, AvailableFrom, AvailableTo) values (12, 11, 3, '11/26/2022', '12/31/2022');
insert into Enrollment (ID, UserId, TrainingId, AvailableFrom, AvailableTo) values (13, 5, 7, '11/18/2022', '12/31/2022');
insert into Enrollment (ID, UserId, TrainingId, AvailableFrom, AvailableTo) values (14, 46, 7, '4/30/2022', '12/31/2022');
insert into Enrollment (ID, UserId, TrainingId, AvailableFrom, AvailableTo) values (15, 3, 3, '9/9/2022', '3/17/2023');
insert into Enrollment (ID, UserId, TrainingId, AvailableFrom, AvailableTo) values (16, 4, 8, '4/29/2022', '3/6/2023');
insert into Enrollment (ID, UserId, TrainingId, AvailableFrom, AvailableTo) values (17, 5, 9, '10/24/2022', '3/26/2023');
insert into Enrollment (ID, UserId, TrainingId, AvailableFrom, AvailableTo) values (18, 6, 1, '11/24/2022', '1/8/2023');
insert into Enrollment (ID, UserId, TrainingId, AvailableFrom, AvailableTo) values (19, 44, 9, '12/7/2022', '3/9/2023');
insert into Enrollment (ID, UserId, TrainingId, AvailableFrom, AvailableTo) values (20, 28, 7, '3/30/2022', '12/6/2022');
insert into Enrollment (ID, UserId, TrainingId, AvailableFrom, AvailableTo) values (21, 3, 10, '12/18/2022', '3/14/2023');
insert into Enrollment (ID, UserId, TrainingId, AvailableFrom, AvailableTo) values (22, 10, 5, '7/29/2022', '3/26/2023');
insert into Enrollment (ID, UserId, TrainingId, AvailableFrom, AvailableTo) values (23, 9, 6, '4/28/2022', '1/28/2023');
insert into Enrollment (ID, UserId, TrainingId, AvailableFrom, AvailableTo) values (24, 4, 2, '8/14/2022', '3/19/2023');
insert into Enrollment (ID, UserId, TrainingId, AvailableFrom, AvailableTo) values (25, 5, 8, '7/9/2022', '12/18/2022');
insert into Enrollment (ID, UserId, TrainingId, AvailableFrom, AvailableTo) values (26, 49, 1, '10/26/2022', '12/31/2022');
insert into Enrollment (ID, UserId, TrainingId, AvailableFrom, AvailableTo) values (27, 2, 3, '7/6/2022', '2/17/2023');
insert into Enrollment (ID, UserId, TrainingId, AvailableFrom, AvailableTo) values (28, 28, 8, '12/12/2022', '1/18/2023');
insert into Enrollment (ID, UserId, TrainingId, AvailableFrom, AvailableTo) values (29, 17, 2, '12/13/2022', '1/21/2023');
insert into Enrollment (ID, UserId, TrainingId, AvailableFrom, AvailableTo) values (30, 42, 8, '10/1/2022', '3/1/2023');
insert into Enrollment (ID, UserId, TrainingId, AvailableFrom, AvailableTo) values (31, 29, 10, '11/23/2022', '12/16/2022');
insert into Enrollment (ID, UserId, TrainingId, AvailableFrom, AvailableTo) values (32, 44, 10, '9/4/2022', '2/23/2023');
insert into Enrollment (ID, UserId, TrainingId, AvailableFrom, AvailableTo) values (33, 30, 10, '9/19/2022', '1/3/2023');
insert into Enrollment (ID, UserId, TrainingId, AvailableFrom, AvailableTo) values (34, 29, 5, '11/18/2022', '1/9/2023');
insert into Enrollment (ID, UserId, TrainingId, AvailableFrom, AvailableTo) values (35, 38, 8, '12/7/2022', '12/28/2022');
insert into Enrollment (ID, UserId, TrainingId, AvailableFrom, AvailableTo) values (36, 32, 9, '5/19/2022', '1/21/2023');
insert into Enrollment (ID, UserId, TrainingId, AvailableFrom, AvailableTo) values (37, 6, 3, '4/19/2022', '2/3/2023');
insert into Enrollment (ID, UserId, TrainingId, AvailableFrom, AvailableTo) values (38, 33, 2, '7/27/2022', '12/9/2022');
insert into Enrollment (ID, UserId, TrainingId, AvailableFrom, AvailableTo) values (39, 4, 4, '5/20/2022', '3/17/2023');
insert into Enrollment (ID, UserId, TrainingId, AvailableFrom, AvailableTo) values (40, 4, 6, '12/22/2022', '3/27/2023');
insert into Enrollment (ID, UserId, TrainingId, AvailableFrom, AvailableTo) values (41, 15, 9, '6/23/2022', '12/21/2022');
insert into Enrollment (ID, UserId, TrainingId, AvailableFrom, AvailableTo) values (42, 31, 6, '8/9/2022', '12/19/2022');
insert into Enrollment (ID, UserId, TrainingId, AvailableFrom, AvailableTo) values (43, 11, 8, '4/17/2022', '12/3/2022');
insert into Enrollment (ID, UserId, TrainingId, AvailableFrom, AvailableTo) values (44, 5, 10, '12/18/2022', '2/23/2023');
insert into Enrollment (ID, UserId, TrainingId, AvailableFrom, AvailableTo) values (45, 4, 6, '7/2/2022', '2/13/2023');
insert into Enrollment (ID, UserId, TrainingId, AvailableFrom, AvailableTo) values (46, 28, 10, '8/5/2022', '1/22/2023');
insert into Enrollment (ID, UserId, TrainingId, AvailableFrom, AvailableTo) values (47, 33, 8, '10/27/2022', '12/19/2022');
insert into Enrollment (ID, UserId, TrainingId, AvailableFrom, AvailableTo) values (48, 6, 1, '10/14/2022', '2/6/2023');
insert into Enrollment (ID, UserId, TrainingId, AvailableFrom, AvailableTo) values (49, 50, 8, '5/29/2022', '1/4/2023');
insert into Enrollment (ID, UserId, TrainingId, AvailableFrom, AvailableTo) values (50, 47, 10, '12/13/2022', '12/1/2022');
insert into Enrollment (ID, UserId, TrainingId, AvailableFrom, AvailableTo) values (51, 11, 6, '7/26/2022', '12/10/2022');
insert into Enrollment (ID, UserId, TrainingId, AvailableFrom, AvailableTo) values (52, 36, 10, '10/19/2022', '1/31/2023');
insert into Enrollment (ID, UserId, TrainingId, AvailableFrom, AvailableTo) values (53, 8, 6, '3/30/2022', '1/31/2023');
insert into Enrollment (ID, UserId, TrainingId, AvailableFrom, AvailableTo) values (54, 4, 8, '4/23/2022', '3/27/2023');
insert into Enrollment (ID, UserId, TrainingId, AvailableFrom, AvailableTo) values (55, 22, 6, '4/4/2022', '2/8/2023');
insert into Enrollment (ID, UserId, TrainingId, AvailableFrom, AvailableTo) values (56, 34, 9, '7/3/2022', '2/8/2023');
insert into Enrollment (ID, UserId, TrainingId, AvailableFrom, AvailableTo) values (57, 50, 9, '12/13/2022', '1/5/2023');
insert into Enrollment (ID, UserId, TrainingId, AvailableFrom, AvailableTo) values (58, 48, 8, '5/21/2022', '2/13/2023');
insert into Enrollment (ID, UserId, TrainingId, AvailableFrom, AvailableTo) values (59, 5, 2, '6/26/2022', '1/21/2023');
insert into Enrollment (ID, UserId, TrainingId, AvailableFrom, AvailableTo) values (60, 30, 8, '4/8/2022', '12/31/2022');
insert into Enrollment (ID, UserId, TrainingId, AvailableFrom, AvailableTo) values (61, 8, 8, '5/20/2022', '1/31/2023');
insert into Enrollment (ID, UserId, TrainingId, AvailableFrom, AvailableTo) values (62, 36, 9, '5/30/2022', '12/6/2022');
insert into Enrollment (ID, UserId, TrainingId, AvailableFrom, AvailableTo) values (63, 22, 1, '7/25/2022', '3/5/2023');
insert into Enrollment (ID, UserId, TrainingId, AvailableFrom, AvailableTo) values (64, 35, 4, '7/28/2022', '1/24/2023');
insert into Enrollment (ID, UserId, TrainingId, AvailableFrom, AvailableTo) values (65, 38, 2, '7/21/2022', '3/14/2023');
insert into Enrollment (ID, UserId, TrainingId, AvailableFrom, AvailableTo) values (66, 18, 4, '7/9/2022', '3/9/2023');
insert into Enrollment (ID, UserId, TrainingId, AvailableFrom, AvailableTo) values (67, 26, 8, '12/26/2022', '3/9/2023');
insert into Enrollment (ID, UserId, TrainingId, AvailableFrom, AvailableTo) values (68, 1, 7, '8/9/2022', '1/26/2023');
insert into Enrollment (ID, UserId, TrainingId, AvailableFrom, AvailableTo) values (69, 8, 3, '4/2/2022', '12/9/2022');
insert into Enrollment (ID, UserId, TrainingId, AvailableFrom, AvailableTo) values (70, 3, 3, '6/3/2022', '2/16/2023');
insert into Enrollment (ID, UserId, TrainingId, AvailableFrom, AvailableTo) values (71, 44, 5, '11/18/2022', '12/15/2022');
insert into Enrollment (ID, UserId, TrainingId, AvailableFrom, AvailableTo) values (72, 6, 1, '7/20/2022', '2/1/2023');
insert into Enrollment (ID, UserId, TrainingId, AvailableFrom, AvailableTo) values (73, 4, 9, '5/3/2022', '1/2/2023');
insert into Enrollment (ID, UserId, TrainingId, AvailableFrom, AvailableTo) values (74, 3, 10, '11/12/2022', '2/13/2023');
insert into Enrollment (ID, UserId, TrainingId, AvailableFrom, AvailableTo) values (75, 46, 6, '4/14/2022', '1/23/2023');
insert into Enrollment (ID, UserId, TrainingId, AvailableFrom, AvailableTo) values (76, 1, 8, '4/19/2022', '3/1/2023');
insert into Enrollment (ID, UserId, TrainingId, AvailableFrom, AvailableTo) values (77, 44, 2, '9/1/2022', '12/11/2022');
insert into Enrollment (ID, UserId, TrainingId, AvailableFrom, AvailableTo) values (78, 29, 7, '7/3/2022', '1/30/2023');
insert into Enrollment (ID, UserId, TrainingId, AvailableFrom, AvailableTo) values (79, 35, 5, '8/24/2022', '12/20/2022');
insert into Enrollment (ID, UserId, TrainingId, AvailableFrom, AvailableTo) values (80, 1, 10, '6/7/2022', '3/20/2023');
insert into Enrollment (ID, UserId, TrainingId, AvailableFrom, AvailableTo) values (81, 23, 2, '10/30/2022', '1/7/2023');
insert into Enrollment (ID, UserId, TrainingId, AvailableFrom, AvailableTo) values (82, 2, 6, '6/23/2022', '12/10/2022');
insert into Enrollment (ID, UserId, TrainingId, AvailableFrom, AvailableTo) values (83, 23, 8, '8/9/2022', '1/18/2023');
insert into Enrollment (ID, UserId, TrainingId, AvailableFrom, AvailableTo) values (84, 14, 10, '8/16/2022', '3/20/2023');
insert into Enrollment (ID, UserId, TrainingId, AvailableFrom, AvailableTo) values (85, 48, 1, '4/21/2022', '1/4/2023');
insert into Enrollment (ID, UserId, TrainingId, AvailableFrom, AvailableTo) values (86, 44, 8, '9/15/2022', '2/4/2023');
insert into Enrollment (ID, UserId, TrainingId, AvailableFrom, AvailableTo) values (87, 2, 7, '5/16/2022', '12/24/2022');
insert into Enrollment (ID, UserId, TrainingId, AvailableFrom, AvailableTo) values (88, 29, 1, '12/7/2022', '2/5/2023');
insert into Enrollment (ID, UserId, TrainingId, AvailableFrom, AvailableTo) values (89, 10, 3, '7/17/2022', '2/8/2023');
insert into Enrollment (ID, UserId, TrainingId, AvailableFrom, AvailableTo) values (90, 37, 3, '12/25/2022', '12/20/2022');
insert into Enrollment (ID, UserId, TrainingId, AvailableFrom, AvailableTo) values (91, 5, 9, '10/11/2022', '1/14/2023');
insert into Enrollment (ID, UserId, TrainingId, AvailableFrom, AvailableTo) values (92, 7, 1, '4/24/2022', '3/16/2023');
insert into Enrollment (ID, UserId, TrainingId, AvailableFrom, AvailableTo) values (93, 8, 5, '4/7/2022', '1/31/2023');
insert into Enrollment (ID, UserId, TrainingId, AvailableFrom, AvailableTo) values (94, 8, 1, '7/22/2022', '12/10/2022');
insert into Enrollment (ID, UserId, TrainingId, AvailableFrom, AvailableTo) values (95, 14, 9, '9/27/2022', '3/8/2023');
insert into Enrollment (ID, UserId, TrainingId, AvailableFrom, AvailableTo) values (96, 27, 4, '6/30/2022', '12/19/2022');
insert into Enrollment (ID, UserId, TrainingId, AvailableFrom, AvailableTo) values (97, 45, 6, '11/29/2022', '3/5/2023');
insert into Enrollment (ID, UserId, TrainingId, AvailableFrom, AvailableTo) values (98, 40, 3, '5/30/2022', '2/22/2023');
insert into Enrollment (ID, UserId, TrainingId, AvailableFrom, AvailableTo) values (99, 4, 4, '5/27/2022', '1/8/2023');
insert into Enrollment (ID, UserId, TrainingId, AvailableFrom, AvailableTo) values (100, 24, 5, '7/23/2022', '1/9/2023');

insert into Answer (ID, QuestionId, UserId, IsCorrect) values (1, 4, 6, 0);
insert into Answer (ID, QuestionId, UserId, IsCorrect) values (2, 4, 22, 0);
insert into Answer (ID, QuestionId, UserId, IsCorrect) values (3, 25, 40, 1);
insert into Answer (ID, QuestionId, UserId, IsCorrect) values (4, 40, 9, 0);
insert into Answer (ID, QuestionId, UserId, IsCorrect) values (5, 45, 47, 1);
insert into Answer (ID, QuestionId, UserId, IsCorrect) values (6, 5, 50, 1);
insert into Answer (ID, QuestionId, UserId, IsCorrect) values (7, 37, 21, 0);
insert into Answer (ID, QuestionId, UserId, IsCorrect) values (8, 39, 13, 0);
insert into Answer (ID, QuestionId, UserId, IsCorrect) values (9, 24, 48, 0);
insert into Answer (ID, QuestionId, UserId, IsCorrect) values (10, 24, 11, 1);
insert into Answer (ID, QuestionId, UserId, IsCorrect) values (11, 9, 41, 0);
insert into Answer (ID, QuestionId, UserId, IsCorrect) values (12, 2, 37, 1);
insert into Answer (ID, QuestionId, UserId, IsCorrect) values (13, 4, 14, 1);
insert into Answer (ID, QuestionId, UserId, IsCorrect) values (14, 8, 38, 1);
insert into Answer (ID, QuestionId, UserId, IsCorrect) values (15, 42, 35, 1);
insert into Answer (ID, QuestionId, UserId, IsCorrect) values (16, 47, 36, 1);
insert into Answer (ID, QuestionId, UserId, IsCorrect) values (17, 24, 38, 0);
insert into Answer (ID, QuestionId, UserId, IsCorrect) values (18, 10, 5, 0);
insert into Answer (ID, QuestionId, UserId, IsCorrect) values (19, 23, 17, 1);
insert into Answer (ID, QuestionId, UserId, IsCorrect) values (20, 43, 35, 1);
insert into Answer (ID, QuestionId, UserId, IsCorrect) values (21, 5, 49, 1);
insert into Answer (ID, QuestionId, UserId, IsCorrect) values (22, 20, 50, 0);
insert into Answer (ID, QuestionId, UserId, IsCorrect) values (23, 12, 32, 0);
insert into Answer (ID, QuestionId, UserId, IsCorrect) values (24, 34, 8, 0);
insert into Answer (ID, QuestionId, UserId, IsCorrect) values (25, 31, 6, 1);
insert into Answer (ID, QuestionId, UserId, IsCorrect) values (26, 6, 45, 0);
insert into Answer (ID, QuestionId, UserId, IsCorrect) values (27, 50, 6, 1);
insert into Answer (ID, QuestionId, UserId, IsCorrect) values (28, 10, 20, 0);
insert into Answer (ID, QuestionId, UserId, IsCorrect) values (29, 45, 25, 1);
insert into Answer (ID, QuestionId, UserId, IsCorrect) values (30, 17, 4, 1);
insert into Answer (ID, QuestionId, UserId, IsCorrect) values (31, 42, 31, 0);
insert into Answer (ID, QuestionId, UserId, IsCorrect) values (32, 12, 29, 1);
insert into Answer (ID, QuestionId, UserId, IsCorrect) values (33, 2, 44, 0);
insert into Answer (ID, QuestionId, UserId, IsCorrect) values (34, 7, 39, 0);
insert into Answer (ID, QuestionId, UserId, IsCorrect) values (35, 27, 49, 0);
insert into Answer (ID, QuestionId, UserId, IsCorrect) values (36, 11, 47, 0);
insert into Answer (ID, QuestionId, UserId, IsCorrect) values (37, 3, 50, 1);
insert into Answer (ID, QuestionId, UserId, IsCorrect) values (38, 1, 30, 1);
insert into Answer (ID, QuestionId, UserId, IsCorrect) values (39, 28, 33, 1);
insert into Answer (ID, QuestionId, UserId, IsCorrect) values (40, 6, 44, 0);
insert into Answer (ID, QuestionId, UserId, IsCorrect) values (41, 45, 32, 0);
insert into Answer (ID, QuestionId, UserId, IsCorrect) values (42, 16, 25, 0);
insert into Answer (ID, QuestionId, UserId, IsCorrect) values (43, 4, 50, 1);
insert into Answer (ID, QuestionId, UserId, IsCorrect) values (44, 6, 33, 0);
insert into Answer (ID, QuestionId, UserId, IsCorrect) values (45, 8, 47, 1);
insert into Answer (ID, QuestionId, UserId, IsCorrect) values (46, 29, 20, 1);
insert into Answer (ID, QuestionId, UserId, IsCorrect) values (47, 2, 21, 0);
insert into Answer (ID, QuestionId, UserId, IsCorrect) values (48, 30, 43, 0);
insert into Answer (ID, QuestionId, UserId, IsCorrect) values (49, 18, 6, 0);
insert into Answer (ID, QuestionId, UserId, IsCorrect) values (50, 13, 24, 1);
insert into Answer (ID, QuestionId, UserId, IsCorrect) values (51, 44, 42, 0);
insert into Answer (ID, QuestionId, UserId, IsCorrect) values (52, 36, 46, 0);
insert into Answer (ID, QuestionId, UserId, IsCorrect) values (53, 8, 49, 0);
insert into Answer (ID, QuestionId, UserId, IsCorrect) values (54, 23, 49, 1);
insert into Answer (ID, QuestionId, UserId, IsCorrect) values (55, 47, 27, 1);
insert into Answer (ID, QuestionId, UserId, IsCorrect) values (56, 48, 29, 1);
insert into Answer (ID, QuestionId, UserId, IsCorrect) values (57, 50, 47, 0);
insert into Answer (ID, QuestionId, UserId, IsCorrect) values (58, 7, 43, 1);
insert into Answer (ID, QuestionId, UserId, IsCorrect) values (59, 27, 11, 1);
insert into Answer (ID, QuestionId, UserId, IsCorrect) values (60, 38, 18, 0);
insert into Answer (ID, QuestionId, UserId, IsCorrect) values (61, 30, 32, 0);
insert into Answer (ID, QuestionId, UserId, IsCorrect) values (62, 5, 5, 0);
insert into Answer (ID, QuestionId, UserId, IsCorrect) values (63, 26, 36, 1);
insert into Answer (ID, QuestionId, UserId, IsCorrect) values (64, 4, 7, 1);
insert into Answer (ID, QuestionId, UserId, IsCorrect) values (65, 32, 47, 1);
insert into Answer (ID, QuestionId, UserId, IsCorrect) values (66, 10, 45, 1);
insert into Answer (ID, QuestionId, UserId, IsCorrect) values (67, 38, 17, 1);
insert into Answer (ID, QuestionId, UserId, IsCorrect) values (68, 6, 29, 0);
insert into Answer (ID, QuestionId, UserId, IsCorrect) values (69, 41, 39, 1);
insert into Answer (ID, QuestionId, UserId, IsCorrect) values (70, 47, 34, 0);
insert into Answer (ID, QuestionId, UserId, IsCorrect) values (71, 34, 8, 1);
insert into Answer (ID, QuestionId, UserId, IsCorrect) values (72, 25, 49, 1);
insert into Answer (ID, QuestionId, UserId, IsCorrect) values (73, 50, 28, 0);
insert into Answer (ID, QuestionId, UserId, IsCorrect) values (74, 43, 31, 1);
insert into Answer (ID, QuestionId, UserId, IsCorrect) values (75, 21, 37, 0);
insert into Answer (ID, QuestionId, UserId, IsCorrect) values (76, 36, 20, 0);
insert into Answer (ID, QuestionId, UserId, IsCorrect) values (77, 49, 21, 1);
insert into Answer (ID, QuestionId, UserId, IsCorrect) values (78, 6, 18, 1);
insert into Answer (ID, QuestionId, UserId, IsCorrect) values (79, 3, 34, 1);
insert into Answer (ID, QuestionId, UserId, IsCorrect) values (80, 6, 20, 0);
insert into Answer (ID, QuestionId, UserId, IsCorrect) values (81, 25, 8, 0);
insert into Answer (ID, QuestionId, UserId, IsCorrect) values (82, 25, 43, 0);
insert into Answer (ID, QuestionId, UserId, IsCorrect) values (83, 36, 32, 1);
insert into Answer (ID, QuestionId, UserId, IsCorrect) values (84, 31, 33, 0);
insert into Answer (ID, QuestionId, UserId, IsCorrect) values (85, 33, 21, 1);
insert into Answer (ID, QuestionId, UserId, IsCorrect) values (86, 30, 33, 1);
insert into Answer (ID, QuestionId, UserId, IsCorrect) values (87, 15, 47, 1);
insert into Answer (ID, QuestionId, UserId, IsCorrect) values (88, 38, 4, 0);
insert into Answer (ID, QuestionId, UserId, IsCorrect) values (89, 8, 11, 0);
insert into Answer (ID, QuestionId, UserId, IsCorrect) values (90, 20, 15, 1);
insert into Answer (ID, QuestionId, UserId, IsCorrect) values (91, 27, 40, 1);
insert into Answer (ID, QuestionId, UserId, IsCorrect) values (92, 21, 28, 0);
insert into Answer (ID, QuestionId, UserId, IsCorrect) values (93, 32, 48, 0);
insert into Answer (ID, QuestionId, UserId, IsCorrect) values (94, 17, 19, 0);
insert into Answer (ID, QuestionId, UserId, IsCorrect) values (95, 12, 15, 1);
insert into Answer (ID, QuestionId, UserId, IsCorrect) values (96, 12, 16, 0);
insert into Answer (ID, QuestionId, UserId, IsCorrect) values (97, 2, 17, 1);
insert into Answer (ID, QuestionId, UserId, IsCorrect) values (98, 7, 10, 1);
insert into Answer (ID, QuestionId, UserId, IsCorrect) values (99, 17, 37, 0);
insert into Answer (ID, QuestionId, UserId, IsCorrect) values (100, 11, 41, 0);
insert into Answer (ID, QuestionId, UserId, IsCorrect) values (101, 2, 10, 1);
insert into Answer (ID, QuestionId, UserId, IsCorrect) values (102, 28, 42, 1);
insert into Answer (ID, QuestionId, UserId, IsCorrect) values (103, 45, 35, 1);
insert into Answer (ID, QuestionId, UserId, IsCorrect) values (104, 40, 9, 0);
insert into Answer (ID, QuestionId, UserId, IsCorrect) values (105, 22, 20, 0);
insert into Answer (ID, QuestionId, UserId, IsCorrect) values (106, 27, 46, 1);
insert into Answer (ID, QuestionId, UserId, IsCorrect) values (107, 46, 45, 0);
insert into Answer (ID, QuestionId, UserId, IsCorrect) values (108, 48, 41, 1);
insert into Answer (ID, QuestionId, UserId, IsCorrect) values (109, 4, 22, 0);
insert into Answer (ID, QuestionId, UserId, IsCorrect) values (110, 15, 34, 0);
insert into Answer (ID, QuestionId, UserId, IsCorrect) values (111, 41, 6, 0);
insert into Answer (ID, QuestionId, UserId, IsCorrect) values (112, 48, 36, 0);
insert into Answer (ID, QuestionId, UserId, IsCorrect) values (113, 4, 30, 0);
insert into Answer (ID, QuestionId, UserId, IsCorrect) values (114, 22, 48, 1);
insert into Answer (ID, QuestionId, UserId, IsCorrect) values (115, 4, 7, 0);
insert into Answer (ID, QuestionId, UserId, IsCorrect) values (116, 13, 30, 1);
insert into Answer (ID, QuestionId, UserId, IsCorrect) values (117, 13, 30, 1);
insert into Answer (ID, QuestionId, UserId, IsCorrect) values (118, 37, 12, 1);
insert into Answer (ID, QuestionId, UserId, IsCorrect) values (119, 15, 28, 1);
insert into Answer (ID, QuestionId, UserId, IsCorrect) values (120, 43, 6, 1);
insert into Answer (ID, QuestionId, UserId, IsCorrect) values (121, 18, 15, 0);
insert into Answer (ID, QuestionId, UserId, IsCorrect) values (122, 40, 5, 0);
insert into Answer (ID, QuestionId, UserId, IsCorrect) values (123, 7, 44, 1);
insert into Answer (ID, QuestionId, UserId, IsCorrect) values (124, 9, 44, 1);
insert into Answer (ID, QuestionId, UserId, IsCorrect) values (125, 22, 22, 0);
insert into Answer (ID, QuestionId, UserId, IsCorrect) values (126, 21, 25, 0);
insert into Answer (ID, QuestionId, UserId, IsCorrect) values (127, 3, 44, 0);
insert into Answer (ID, QuestionId, UserId, IsCorrect) values (128, 24, 29, 1);
insert into Answer (ID, QuestionId, UserId, IsCorrect) values (129, 12, 25, 1);
insert into Answer (ID, QuestionId, UserId, IsCorrect) values (130, 15, 12, 0);
insert into Answer (ID, QuestionId, UserId, IsCorrect) values (131, 34, 37, 1);
insert into Answer (ID, QuestionId, UserId, IsCorrect) values (132, 26, 6, 1);
insert into Answer (ID, QuestionId, UserId, IsCorrect) values (133, 5, 7, 0);
insert into Answer (ID, QuestionId, UserId, IsCorrect) values (134, 2, 35, 0);
insert into Answer (ID, QuestionId, UserId, IsCorrect) values (135, 50, 4, 0);
insert into Answer (ID, QuestionId, UserId, IsCorrect) values (136, 27, 10, 0);
insert into Answer (ID, QuestionId, UserId, IsCorrect) values (137, 2, 29, 0);
insert into Answer (ID, QuestionId, UserId, IsCorrect) values (138, 44, 17, 0);
insert into Answer (ID, QuestionId, UserId, IsCorrect) values (139, 4, 50, 1);
insert into Answer (ID, QuestionId, UserId, IsCorrect) values (140, 14, 25, 1);
insert into Answer (ID, QuestionId, UserId, IsCorrect) values (141, 28, 45, 1);
insert into Answer (ID, QuestionId, UserId, IsCorrect) values (142, 7, 24, 0);
insert into Answer (ID, QuestionId, UserId, IsCorrect) values (143, 48, 8, 1);
insert into Answer (ID, QuestionId, UserId, IsCorrect) values (144, 28, 26, 1);
insert into Answer (ID, QuestionId, UserId, IsCorrect) values (145, 27, 26, 0);
insert into Answer (ID, QuestionId, UserId, IsCorrect) values (146, 28, 27, 0);
insert into Answer (ID, QuestionId, UserId, IsCorrect) values (147, 2, 30, 0);
insert into Answer (ID, QuestionId, UserId, IsCorrect) values (148, 37, 13, 1);
insert into Answer (ID, QuestionId, UserId, IsCorrect) values (149, 15, 29, 1);
insert into Answer (ID, QuestionId, UserId, IsCorrect) values (150, 9, 23, 0);
insert into Answer (ID, QuestionId, UserId, IsCorrect) values (151, 16, 36, 0);
insert into Answer (ID, QuestionId, UserId, IsCorrect) values (152, 37, 14, 1);
insert into Answer (ID, QuestionId, UserId, IsCorrect) values (153, 49, 45, 1);
insert into Answer (ID, QuestionId, UserId, IsCorrect) values (154, 45, 29, 1);
insert into Answer (ID, QuestionId, UserId, IsCorrect) values (155, 18, 16, 1);
insert into Answer (ID, QuestionId, UserId, IsCorrect) values (156, 18, 29, 1);
insert into Answer (ID, QuestionId, UserId, IsCorrect) values (157, 3, 23, 1);
insert into Answer (ID, QuestionId, UserId, IsCorrect) values (158, 29, 21, 0);
insert into Answer (ID, QuestionId, UserId, IsCorrect) values (159, 12, 8, 0);
insert into Answer (ID, QuestionId, UserId, IsCorrect) values (160, 50, 32, 1);
insert into Answer (ID, QuestionId, UserId, IsCorrect) values (161, 19, 15, 1);
insert into Answer (ID, QuestionId, UserId, IsCorrect) values (162, 27, 4, 0);
insert into Answer (ID, QuestionId, UserId, IsCorrect) values (163, 30, 10, 0);
insert into Answer (ID, QuestionId, UserId, IsCorrect) values (164, 18, 25, 0);
insert into Answer (ID, QuestionId, UserId, IsCorrect) values (165, 46, 34, 0);
insert into Answer (ID, QuestionId, UserId, IsCorrect) values (166, 46, 6, 0);
insert into Answer (ID, QuestionId, UserId, IsCorrect) values (167, 42, 6, 0);
insert into Answer (ID, QuestionId, UserId, IsCorrect) values (168, 12, 31, 0);
insert into Answer (ID, QuestionId, UserId, IsCorrect) values (169, 29, 35, 1);
insert into Answer (ID, QuestionId, UserId, IsCorrect) values (170, 29, 32, 0);
insert into Answer (ID, QuestionId, UserId, IsCorrect) values (171, 9, 14, 1);
insert into Answer (ID, QuestionId, UserId, IsCorrect) values (172, 43, 37, 1);
insert into Answer (ID, QuestionId, UserId, IsCorrect) values (173, 1, 6, 0);
insert into Answer (ID, QuestionId, UserId, IsCorrect) values (174, 27, 19, 0);
insert into Answer (ID, QuestionId, UserId, IsCorrect) values (175, 27, 24, 1);
insert into Answer (ID, QuestionId, UserId, IsCorrect) values (176, 50, 27, 0);
insert into Answer (ID, QuestionId, UserId, IsCorrect) values (177, 41, 10, 1);
insert into Answer (ID, QuestionId, UserId, IsCorrect) values (178, 22, 39, 0);
insert into Answer (ID, QuestionId, UserId, IsCorrect) values (179, 42, 40, 1);
insert into Answer (ID, QuestionId, UserId, IsCorrect) values (180, 33, 31, 1);
insert into Answer (ID, QuestionId, UserId, IsCorrect) values (181, 18, 36, 1);
insert into Answer (ID, QuestionId, UserId, IsCorrect) values (182, 33, 33, 1);
insert into Answer (ID, QuestionId, UserId, IsCorrect) values (183, 43, 11, 1);
insert into Answer (ID, QuestionId, UserId, IsCorrect) values (184, 41, 6, 1);
insert into Answer (ID, QuestionId, UserId, IsCorrect) values (185, 44, 24, 0);
insert into Answer (ID, QuestionId, UserId, IsCorrect) values (186, 23, 13, 0);
insert into Answer (ID, QuestionId, UserId, IsCorrect) values (187, 44, 40, 0);
insert into Answer (ID, QuestionId, UserId, IsCorrect) values (188, 26, 40, 1);
insert into Answer (ID, QuestionId, UserId, IsCorrect) values (189, 31, 29, 1);
insert into Answer (ID, QuestionId, UserId, IsCorrect) values (190, 40, 30, 1);
insert into Answer (ID, QuestionId, UserId, IsCorrect) values (191, 13, 40, 0);
insert into Answer (ID, QuestionId, UserId, IsCorrect) values (192, 4, 29, 1);
insert into Answer (ID, QuestionId, UserId, IsCorrect) values (193, 31, 30, 1);
insert into Answer (ID, QuestionId, UserId, IsCorrect) values (194, 42, 34, 0);
insert into Answer (ID, QuestionId, UserId, IsCorrect) values (195, 41, 46, 1);
insert into Answer (ID, QuestionId, UserId, IsCorrect) values (196, 29, 27, 0);
insert into Answer (ID, QuestionId, UserId, IsCorrect) values (197, 5, 29, 1);
insert into Answer (ID, QuestionId, UserId, IsCorrect) values (198, 4, 25, 0);
insert into Answer (ID, QuestionId, UserId, IsCorrect) values (199, 24, 14, 1);
insert into Answer (ID, QuestionId, UserId, IsCorrect) values (200, 16, 48, 1);
insert into Answer (ID, QuestionId, UserId, IsCorrect) values (201, 9, 21, 1);
insert into Answer (ID, QuestionId, UserId, IsCorrect) values (202, 41, 46, 0);
insert into Answer (ID, QuestionId, UserId, IsCorrect) values (203, 35, 40, 0);
insert into Answer (ID, QuestionId, UserId, IsCorrect) values (204, 11, 36, 0);
insert into Answer (ID, QuestionId, UserId, IsCorrect) values (205, 17, 25, 0);
insert into Answer (ID, QuestionId, UserId, IsCorrect) values (206, 49, 5, 1);
insert into Answer (ID, QuestionId, UserId, IsCorrect) values (207, 21, 18, 0);
insert into Answer (ID, QuestionId, UserId, IsCorrect) values (208, 40, 26, 0);
insert into Answer (ID, QuestionId, UserId, IsCorrect) values (209, 12, 14, 1);
insert into Answer (ID, QuestionId, UserId, IsCorrect) values (210, 9, 22, 1);
insert into Answer (ID, QuestionId, UserId, IsCorrect) values (211, 33, 23, 0);
insert into Answer (ID, QuestionId, UserId, IsCorrect) values (212, 13, 28, 0);
insert into Answer (ID, QuestionId, UserId, IsCorrect) values (213, 13, 30, 1);
insert into Answer (ID, QuestionId, UserId, IsCorrect) values (214, 8, 25, 1);
insert into Answer (ID, QuestionId, UserId, IsCorrect) values (215, 12, 7, 0);
insert into Answer (ID, QuestionId, UserId, IsCorrect) values (216, 30, 16, 0);
insert into Answer (ID, QuestionId, UserId, IsCorrect) values (217, 36, 17, 0);
insert into Answer (ID, QuestionId, UserId, IsCorrect) values (218, 22, 39, 1);
insert into Answer (ID, QuestionId, UserId, IsCorrect) values (219, 1, 35, 0);
insert into Answer (ID, QuestionId, UserId, IsCorrect) values (220, 26, 46, 1);
insert into Answer (ID, QuestionId, UserId, IsCorrect) values (221, 9, 29, 0);
insert into Answer (ID, QuestionId, UserId, IsCorrect) values (222, 24, 15, 1);
insert into Answer (ID, QuestionId, UserId, IsCorrect) values (223, 13, 24, 0);
insert into Answer (ID, QuestionId, UserId, IsCorrect) values (224, 19, 32, 0);
insert into Answer (ID, QuestionId, UserId, IsCorrect) values (225, 48, 7, 1);
insert into Answer (ID, QuestionId, UserId, IsCorrect) values (226, 12, 32, 1);
insert into Answer (ID, QuestionId, UserId, IsCorrect) values (227, 31, 45, 0);
insert into Answer (ID, QuestionId, UserId, IsCorrect) values (228, 12, 45, 1);
insert into Answer (ID, QuestionId, UserId, IsCorrect) values (229, 32, 25, 0);
insert into Answer (ID, QuestionId, UserId, IsCorrect) values (230, 11, 38, 0);
insert into Answer (ID, QuestionId, UserId, IsCorrect) values (231, 9, 39, 0);
insert into Answer (ID, QuestionId, UserId, IsCorrect) values (232, 32, 50, 1);
insert into Answer (ID, QuestionId, UserId, IsCorrect) values (233, 11, 45, 0);
insert into Answer (ID, QuestionId, UserId, IsCorrect) values (234, 27, 42, 1);
insert into Answer (ID, QuestionId, UserId, IsCorrect) values (235, 48, 30, 1);
insert into Answer (ID, QuestionId, UserId, IsCorrect) values (236, 15, 20, 1);
insert into Answer (ID, QuestionId, UserId, IsCorrect) values (237, 36, 39, 1);
insert into Answer (ID, QuestionId, UserId, IsCorrect) values (238, 12, 48, 0);
insert into Answer (ID, QuestionId, UserId, IsCorrect) values (239, 30, 12, 0);
insert into Answer (ID, QuestionId, UserId, IsCorrect) values (240, 48, 17, 0);
insert into Answer (ID, QuestionId, UserId, IsCorrect) values (241, 50, 20, 1);
insert into Answer (ID, QuestionId, UserId, IsCorrect) values (242, 48, 43, 0);
insert into Answer (ID, QuestionId, UserId, IsCorrect) values (243, 43, 46, 0);
insert into Answer (ID, QuestionId, UserId, IsCorrect) values (244, 42, 24, 0);
insert into Answer (ID, QuestionId, UserId, IsCorrect) values (245, 25, 33, 0);
insert into Answer (ID, QuestionId, UserId, IsCorrect) values (246, 13, 28, 0);
insert into Answer (ID, QuestionId, UserId, IsCorrect) values (247, 27, 40, 0);
insert into Answer (ID, QuestionId, UserId, IsCorrect) values (248, 38, 29, 1);
insert into Answer (ID, QuestionId, UserId, IsCorrect) values (249, 5, 47, 0);
insert into Answer (ID, QuestionId, UserId, IsCorrect) values (250, 7, 13, 1);
insert into Answer (ID, QuestionId, UserId, IsCorrect) values (251, 4, 38, 0);
insert into Answer (ID, QuestionId, UserId, IsCorrect) values (252, 25, 26, 0);
insert into Answer (ID, QuestionId, UserId, IsCorrect) values (253, 36, 19, 0);
insert into Answer (ID, QuestionId, UserId, IsCorrect) values (254, 41, 12, 1);
insert into Answer (ID, QuestionId, UserId, IsCorrect) values (255, 28, 31, 0);
insert into Answer (ID, QuestionId, UserId, IsCorrect) values (256, 12, 31, 1);
insert into Answer (ID, QuestionId, UserId, IsCorrect) values (257, 48, 32, 1);
insert into Answer (ID, QuestionId, UserId, IsCorrect) values (258, 47, 43, 1);
insert into Answer (ID, QuestionId, UserId, IsCorrect) values (259, 2, 28, 1);
insert into Answer (ID, QuestionId, UserId, IsCorrect) values (260, 50, 30, 1);
insert into Answer (ID, QuestionId, UserId, IsCorrect) values (261, 50, 45, 0);
insert into Answer (ID, QuestionId, UserId, IsCorrect) values (262, 34, 36, 0);
insert into Answer (ID, QuestionId, UserId, IsCorrect) values (263, 2, 17, 0);
insert into Answer (ID, QuestionId, UserId, IsCorrect) values (264, 45, 49, 0);
insert into Answer (ID, QuestionId, UserId, IsCorrect) values (265, 29, 25, 1);
insert into Answer (ID, QuestionId, UserId, IsCorrect) values (266, 5, 11, 0);
insert into Answer (ID, QuestionId, UserId, IsCorrect) values (267, 41, 6, 0);
insert into Answer (ID, QuestionId, UserId, IsCorrect) values (268, 23, 47, 1);
insert into Answer (ID, QuestionId, UserId, IsCorrect) values (269, 16, 16, 0);
insert into Answer (ID, QuestionId, UserId, IsCorrect) values (270, 2, 16, 1);
insert into Answer (ID, QuestionId, UserId, IsCorrect) values (271, 19, 35, 1);
insert into Answer (ID, QuestionId, UserId, IsCorrect) values (272, 48, 44, 0);
insert into Answer (ID, QuestionId, UserId, IsCorrect) values (273, 36, 41, 0);
insert into Answer (ID, QuestionId, UserId, IsCorrect) values (274, 17, 10, 0);
insert into Answer (ID, QuestionId, UserId, IsCorrect) values (275, 13, 26, 0);
insert into Answer (ID, QuestionId, UserId, IsCorrect) values (276, 23, 31, 1);
insert into Answer (ID, QuestionId, UserId, IsCorrect) values (277, 8, 38, 0);
insert into Answer (ID, QuestionId, UserId, IsCorrect) values (278, 45, 43, 0);
insert into Answer (ID, QuestionId, UserId, IsCorrect) values (279, 29, 50, 1);
insert into Answer (ID, QuestionId, UserId, IsCorrect) values (280, 32, 19, 1);
insert into Answer (ID, QuestionId, UserId, IsCorrect) values (281, 12, 38, 1);
insert into Answer (ID, QuestionId, UserId, IsCorrect) values (282, 24, 29, 0);
insert into Answer (ID, QuestionId, UserId, IsCorrect) values (283, 37, 14, 0);
insert into Answer (ID, QuestionId, UserId, IsCorrect) values (284, 5, 36, 0);
insert into Answer (ID, QuestionId, UserId, IsCorrect) values (285, 49, 42, 0);
insert into Answer (ID, QuestionId, UserId, IsCorrect) values (286, 9, 25, 1);
insert into Answer (ID, QuestionId, UserId, IsCorrect) values (287, 7, 38, 0);
insert into Answer (ID, QuestionId, UserId, IsCorrect) values (288, 10, 6, 1);
insert into Answer (ID, QuestionId, UserId, IsCorrect) values (289, 41, 28, 0);
insert into Answer (ID, QuestionId, UserId, IsCorrect) values (290, 1, 33, 1);
insert into Answer (ID, QuestionId, UserId, IsCorrect) values (291, 19, 40, 1);
insert into Answer (ID, QuestionId, UserId, IsCorrect) values (292, 4, 43, 0);
insert into Answer (ID, QuestionId, UserId, IsCorrect) values (293, 36, 6, 1);
insert into Answer (ID, QuestionId, UserId, IsCorrect) values (294, 48, 20, 1);
insert into Answer (ID, QuestionId, UserId, IsCorrect) values (295, 32, 29, 1);
insert into Answer (ID, QuestionId, UserId, IsCorrect) values (296, 17, 22, 1);
insert into Answer (ID, QuestionId, UserId, IsCorrect) values (297, 22, 21, 1);
insert into Answer (ID, QuestionId, UserId, IsCorrect) values (298, 31, 6, 1);
insert into Answer (ID, QuestionId, UserId, IsCorrect) values (299, 47, 29, 0);
insert into Answer (ID, QuestionId, UserId, IsCorrect) values (300, 33, 19, 0);